id,name,email,phone,skills,experience
1,Seth Cox,joshua35@example.org,001-789-255-0966x8773,"father, expert, myself, include, agreement",3
2,George Terry,ecolon@example.net,(720)288-4369,"catch, movement, real, music, benefit",4
3,James Morgan,opowell@example.com,(646)260-0119x1154,"wrong, soon, indeed, training, specific",7
4,Amber Reyes,kmeyer@example.org,(782)232-1098,"remember, get, stage, character, purpose",3
5,Eric Fleming,nclements@example.org,(428)580-8341,"discuss, director, during, property, probably",5
6,William Roman,patriciascott@example.net,(756)563-0383x490,"often, crime, eight, green, future",7
7,Logan Roach,angelica26@example.net,804-360-6269,"by, I, last, mission, step",10
8,Miss Donna Wagner,eileen06@example.com,001-660-366-7304,"necessary, able, culture, other, actually",4
9,Ethan Hernandez,nstafford@example.net,578.575.7212x337,"collection, catch, model, allow, event",8
10,Pamela James,alejandracobb@example.com,+1-298-957-6277x14701,"program, age, pay, forward, allow",2
11,Tiffany Hodges,harrisonchristy@example.net,424.432.6061x305,"break, blue, way, require, only",1
12,Patricia Oconnor,billcline@example.net,8575283119,"eat, relate, set, rule, beat",7
13,Melvin Ingram,johnsondana@example.net,928.227.3652x169,"feel, respond, school, moment, item",1
14,Shane Parrish,rossdavid@example.com,933-975-6407x7532,"thing, against, scientist, something, call",8
15,Anthony Brown,nguyenmary@example.com,640-243-3446,"material, woman, less, magazine, pick",6
16,David Hawkins,dawnhartman@example.com,750-667-1297x7300,"authority, effect, scene, different, speech",8
17,Scott Davis,damon34@example.org,447-245-9120x01691,"drop, threat, old, fast, property",5
18,Manuel Rodgers,lindsey86@example.net,001-980-202-6364,"action, statement, production, either, as",7
19,Alicia Wood,usalazar@example.com,(785)447-3773x6930,"contain, actually, low, ball, agency",3
20,Mrs. Angela Taylor,salinasjanet@example.net,3183591570,"hot, authority, support, step, benefit",8
21,Francisco Rogers,randrews@example.net,679-261-2818,"agree, training, statement, reason, industry",1
22,Linda Anderson,kwalker@example.com,693.915.6453,"race, player, beat, audience, project",10
23,Christine Jennings,danabaker@example.com,958.520.9629x803,"common, answer, language, wonder, administration",4
24,Michael Mills,ubenson@example.com,537.749.1022,"key, two, mean, tend, give",7
25,Sonia Krause,guerrerotammy@example.com,001-815-670-8504x3152,"development, deal, off, third, product",10
26,Maria Briggs,chapmansharon@example.com,9338853570,"couple, be, check, understand, teacher",1
27,Barbara Nichols,lesliefreeman@example.com,001-917-809-7680,"agency, firm, between, Republican, mouth",7
28,William Stone,thomascraig@example.net,(353)640-8513x519,"camera, sure, pretty, price, six",4
29,Dylan Tapia,christophertravis@example.net,696-342-1403x35481,"produce, buy, majority, approach, art",6
30,Valerie Brown,carrmadeline@example.net,277-967-0957,"thousand, education, view, animal, either",7
31,Michael Sanders,taylorelizabeth@example.net,+1-865-324-7624,"performance, administration, force, raise, address",9
32,Jamie Baldwin,stephensjose@example.net,001-308-482-3334x99022,"medical, large, seat, partner, grow",4
33,Kenneth Gaines,torresmary@example.org,6979303132,"organization, rich, into, experience, occur",8
34,Jose Vega,ngarcia@example.com,489-271-9985,"season, degree, another, lose, tree",8
35,Mr. Donald Hall,douglas82@example.com,001-363-674-6811x004,"coach, chance, hundred, say, establish",3
36,Kevin Carter,lindseycarlos@example.com,+1-263-888-6939,"product, determine, hear, mother, green",9
37,Kevin Mccullough,pchan@example.com,568-706-0959x451,"security, product, such, six, back",8
38,Casey Smith,ewashington@example.org,754-821-7477x283,"senior, bar, sure, big, customer",1
39,Leonard Glenn Jr.,ortizdestiny@example.net,469-575-4408,"court, conference, crime, win, another",1
40,James Sampson,hernandezandrea@example.com,(669)621-0778,"rest, oil, economy, huge, let",6
41,Brian Mcdonald,benjamin73@example.com,001-484-882-5282x2957,"finish, prevent, among, reach, exist",3
42,Julie Carter,timothysmith@example.com,408-289-6927x04420,"during, stand, daughter, share, debate",9
43,Marcus Cox,brucejerome@example.com,(684)955-8976x968,"often, and, long, five, prevent",8
44,Timothy Lowery,jennifer74@example.com,(454)511-8392x958,"power, film, night, until, itself",1
45,Molly Brennan,kennethbray@example.net,211-836-7490,"admit, bag, he, identify, wrong",10
46,Michelle Green,rosstami@example.com,406.353.0117,"instead, professor, boy, win, reflect",10
47,Scott Ward,cassidyberry@example.org,(855)595-1752x474,"standard, material, how, network, big",2
48,Damon Jimenez,peter97@example.net,+1-207-773-6514x54054,"painting, expert, both, line, prevent",1
49,Molly Holloway,michelle45@example.net,452-901-5719,"poor, everything, through, recent, hope",4
50,Kevin Williams,david81@example.net,(573)472-2998x5416,"prepare, point, must, nearly, wrong",6
51,Rita Frank,michelle32@example.org,(477)768-8941x65046,"hundred, organization, enter, give, stage",2
52,Tracey Herman,ericaweber@example.com,567.566.5713x297,"often, reduce, join, our, front",5
53,Matthew Carroll,cassandramunoz@example.com,+1-849-619-0805x594,"treatment, design, stop, movie, reality",2
54,Michael Moreno,brenda54@example.org,2104515609,"late, wonder, pay, life, method",8
55,Ashley Wong,ashley00@example.org,857-489-6319x80093,"program, political, skill, high, partner",6
56,Charles Clark,smithpatrick@example.org,(619)553-4639x413,"have, good, foreign, it, should",10
57,Gabrielle Smith,buckleykevin@example.org,441.914.6993x906,"outside, have, morning, also, senior",10
58,Joseph Powell,gutierrezmallory@example.net,001-828-436-3482,"method, fall, possible, time, physical",10
59,Lydia Williams,sara12@example.net,+1-578-329-6562x0681,"rate, state, ground, despite, decision",9
60,Nicole Williams,cheryl74@example.org,(894)341-8895,"protect, of, free, measure, position",8
61,Christian Collins,hillpaula@example.com,469-296-6312x0833,"view, public, structure, four, factor",7
62,Cameron Yu,williamsnathaniel@example.com,604-983-0278x64620,"time, thought, action, series, oil",10
63,Angela Velez,jenna90@example.com,001-681-899-3542x695,"social, usually, tree, their, military",10
64,Curtis Richmond,evansdawn@example.com,(662)777-0855x3527,"financial, difference, describe, most, idea",5
65,Harold Garcia,estradakyle@example.com,7547213506,"notice, energy, base, conference, win",2
66,Kimberly Smith,bryangreen@example.org,(813)521-0526x491,"doctor, though, vote, church, rather",6
67,Alexander Shaffer,ssnyder@example.net,(768)709-5278,"worry, lot, also, rock, wonder",6
68,Thomas Pearson,bradleyamy@example.com,+1-612-456-6369x18662,"loss, bed, word, soldier, money",2
69,Rebecca Coleman,chasejohn@example.com,+1-573-639-3564,"item, sport, pass, believe, use",5
70,Connie King,gdorsey@example.com,814-519-0125x634,"source, cold, capital, various, two",1
71,Jocelyn Gonzalez,colin47@example.net,+1-782-928-9200x759,"middle, until, do, night, growth",10
72,Christopher Jenkins,jakethomas@example.net,825-749-0285x7105,"factor, eat, color, direction, heavy",10
73,Lisa Turner,martinezmonique@example.org,+1-589-357-3255x42647,"quite, majority, be, yes, light",8
74,Jennifer Gutierrez,maysyolanda@example.com,+1-393-594-5175x3697,"catch, simply, human, to, argue",6
75,Teresa Duke,meghanjackson@example.net,469.818.7403x424,"more, wide, leader, although, person",5
76,Diana Johnston,ronaldsmith@example.net,(906)289-0434x5904,"left, organization, scene, instead, mention",8
77,Robert Simmons,robertsondiana@example.com,232.630.4146x93040,"interesting, sell, we, state, people",7
78,Christopher Moore,edward16@example.com,+1-666-694-3952x4229,"he, go, chair, someone, main",3
79,Heather Clark,yfisher@example.net,+1-279-726-0252x8700,"feel, gas, adult, strategy, before",7
80,Caitlin Jordan,robert67@example.net,561-417-4823x776,"maybe, store, rate, member, magazine",6
81,Jacob Garcia,cbaker@example.com,(655)322-7033x91834,"enough, whether, write, only, gun",8
82,Ashley Koch,rfisher@example.com,869-997-5586,"part, technology, partner, industry, friend",8
83,Carolyn Rush,carlos48@example.net,001-225-522-8459,"half, security, whether, specific, be",4
84,Andrew Collins,psimon@example.net,9184582882,"employee, which, represent, also, everything",3
85,Elizabeth Long,martinchan@example.com,001-382-525-6841,"us, land, fall, community, must",6
86,Brett Quinn,kimberlymiller@example.net,956-807-4022,"read, store, here, week, operation",3
87,Lisa Garcia,cdiaz@example.com,001-297-558-1421x653,"within, term, society, rich, heavy",8
88,Roy Beasley,hatfieldbryan@example.net,+1-468-417-1953,"member, term, toward, compare, special",7
89,Elizabeth Garza,warrenralph@example.net,(742)988-5636,"strategy, discuss, nearly, throughout, anyone",2
90,Daniel Schultz,james57@example.org,668-332-9330,"would, up, cause, mother, not",1
91,Maria Willis,adavis@example.com,936.317.4630,"soldier, close, charge, start, effort",6
92,Brittany Webb,martinezangela@example.com,943.203.6057x12813,"knowledge, talk, television, project, involve",8
93,Adam Rubio,wdiaz@example.org,(997)449-5329,"operation, player, many, per, develop",2
94,Darlene Walker,davidgarner@example.com,+1-284-568-6850x0596,"question, affect, agency, perhaps, beat",7
95,Collin Medina,katelynhamilton@example.net,(502)930-2558,"begin, return, your, who, real",7
96,Maria Griffin,peter50@example.org,649.397.9915,"service, responsibility, back, religious, may",5
97,Maria Wilson,redwards@example.org,386.707.2893x60093,"know, defense, summer, these, worker",6
98,Christina Wilkerson,mmaynard@example.com,652-732-0172x2977,"meeting, return, deal, career, show",4
99,Amy Thomas,pricetiffany@example.net,+1-221-648-4088x534,"just, item, involve, lawyer, some",1
100,Lisa Schneider,nathan06@example.net,7455363473,"child, trial, back, shoulder, town",2
